,year,host_country,f_total,m_total
0,2001,Afghanistan,590907,625723
1,2001,Albania,157,188
2,2001,Algeria,76106,79324
3,2001,Angola,6387,5863
4,2001,Argentina,337,611
5,2001,Armenia,143292,121045
6,2001,Azerbaijan,3509,3402
7,2001,Bahrain,1,0
8,2001,Bangladesh,11351,10822
9,2001,Belarus,361,563
10,2001,Belize,396,478
11,2001,Benin,2152,2873
12,2001,Bolivia (Plurinational State of),4,4
13,2001,Botswana,1330,2251
14,2001,Burundi,19904,15986
15,2001,Cambodia,262,839
16,2001,Cameroon,2362,1985
17,2001,Central African Rep.,22135,27104
18,2001,Chile,115,135
19,2001,China,140776,154495
20,2001,"China, Hong Kong SAR",28,491
21,2001,Colombia,100,127
22,2001,Congo,5661,6491
23,2001,Croatia,16,48
24,2001,Cuba,28,49
25,2001,Czech Rep.,145,145
26,2001,Côte d'Ivoire,69603,58953
27,2001,Dem. Rep. of the Congo,70601,67640
28,2001,Djibouti,13144,10032
29,2001,Egypt,8267,14618
30,2001,El Salvador,30,44
31,2001,Eritrea,983,1289
32,2001,Estonia,8,23
33,2001,Ethiopia,71407,73826
34,2001,Gabon,8362,10855
35,2001,Gambia,602,795
36,2001,Georgia,144321,116569
37,2001,Ghana,5579,6213
38,2001,Greece,770,1659
39,2001,Guatemala,367,371
40,2001,Guinea,55477,56225
41,2001,Guinea-Bissau,3962,3741
42,2001,Honduras,6,18
43,2001,India,6603,6543
44,2001,Indonesia,35365,38992
45,2001,Iraq,18047,18602
46,2001,Jordan,2655,3709
47,2001,Kenya,107724,131497
48,2001,Kuwait,654,681
49,2001,Kyrgyzstan,553,553
50,2001,Latvia,1,9
51,2001,Lebanon,971,1844
52,2001,Liberia,17344,16456
53,2001,Lithuania,108,219
54,2001,Malawi,2937,3263
55,2001,Malaysia,102,164
56,2001,Mali,2619,3496
57,2001,Mauritania,152,213
58,2001,Mexico,7164,7927
59,2001,Morocco,138,353
60,2001,Mozambique,1166,1959
61,2001,Namibia,10267,12161
62,2001,Nepal,49335,51483
63,2001,Nicaragua,151,195
64,2001,Niger,160,366
65,2001,Nigeria,2196,2136
66,2001,Oman,2,21
67,2001,Pakistan,799450,710514
68,2001,Panama,378,447
69,2001,Papua New Guinea,333,412
70,2001,Paraguay,15,18
71,2001,Peru,400,283
72,2001,Philippines,0,6
73,2001,Qatar,18,61
74,2001,Rep. of Moldova,108,164
75,2001,Romania,263,2100
76,2001,Rwanda,18638,16148
77,2001,Saudi Arabia,1844,3658
78,2001,Senegal,13052,10295
79,2001,Serbia and Kosovo (S/RES/1244 (1999)),327781,303686
80,2001,Singapore,1,3
81,2001,Slovenia,1017,650
82,2001,Somalia,295,354
83,2001,Sri Lanka,18,29
84,2001,Sudan,66860,63667
85,2001,Swaziland,80,73
86,2001,Syrian Arab Rep.,1534,1737
87,2001,Tajikistan,6260,8872
88,2001,Thailand,53513,57198
89,2001,The former Yugoslav Republic of Macedonia,9080,9117
90,2001,Togo,7205,5130
91,2001,Tunisia,43,54
92,2001,Turkey,2237,3290
93,2001,Turkmenistan,5480,8061
94,2001,Uganda,86974,93389
95,2001,Ukraine,546,1245
96,2001,United Rep. of Tanzania,342473,327609
97,2001,Uruguay,25,65
98,2001,Uzbekistan,1730,2104
99,2001,Venezuela (Bolivarian Republic of),23,36
100,2001,Viet Nam,1118,963
101,2001,Yemen,29996,27646
102,2001,Zambia,64921,79271
103,2001,Zimbabwe,395,996
104,2002,Afghanistan,1956247,2314237
105,2002,Albania,59,72
106,2002,Algeria,78183,77255
107,2002,Angola,6832,6346
108,2002,Armenia,103699,88349
109,2002,Azerbaijan,271741,240859
110,2002,Bahrain,0,1
111,2002,Bangladesh,11254,10771
112,2002,Belarus,351,556
113,2002,Belize,209,198
114,2002,Benin,563,910
115,2002,Bolivia (Plurinational State of),105,139
116,2002,Bosnia and Herzegovina,10162,9743
117,2002,Botswana,1095,1710
118,2002,Burundi,27152,22158
119,2002,Cambodia,103,178
120,2002,Cameroon,862,2035
121,2002,Central African Rep.,22813,27912
122,2002,Chad,628,827
123,2002,Chile,21,41
124,2002,China,140794,156422
125,2002,"China, Hong Kong SAR",60,244
126,2002,Colombia,94,123
127,2002,Congo,56787,55175
128,2002,Costa Rica,2311,2713
129,2002,Croatia,5,47
130,2002,Cuba,27,36
131,2002,Czech Rep.,222,183
132,2002,Côte d'Ivoire,19811,17907
133,2002,Dem. Rep. of the Congo,70904,72775
134,2002,Egypt,4374,6120
135,2002,El Salvador,34,48
136,2002,Eritrea,1506,2113
137,2002,Estonia,4,12
138,2002,Ethiopia,58865,65651
139,2002,Gabon,8566,10570
140,2002,Gambia,602,795
141,2002,Georgia,141217,114095
142,2002,Ghana,14302,15853
143,2002,Greece,625,3683
144,2002,Guatemala,376,367
145,2002,Guinea,74147,73100
146,2002,Guinea-Bissau,3957,3722
147,2002,Honduras,8,26
148,2002,India,38320,38194
149,2002,Indonesia,236,500
150,2002,Iran (Islamic Rep. of),2,2
151,2002,Iraq,16882,17288
152,2002,Jordan,2095,2892
153,2002,Kenya,106460,127211
154,2002,Kyrgyzstan,3723,3985
155,2002,Latvia,5,13
156,2002,Lebanon,1005,1816
157,2002,Liberia,24019,21684
158,2002,Libya,916,793
159,2002,Lithuania,224,345
160,2002,Malawi,6597,6637
161,2002,Malaysia,133,279
162,2002,Mali,4157,5459
163,2002,Mauritania,167,238
164,2002,Mexico,6042,6626
165,2002,Morocco,921,1324
166,2002,Mozambique,1167,1903
167,2002,Namibia,8305,8705
168,2002,Nepal,50099,52199
169,2002,Nicaragua,150,191
170,2002,Niger,146,194
171,2002,Nigeria,2209,2176
172,2002,Oman,2,23
173,2002,Pakistan,319,513
174,2002,Panama,729,844
175,2002,Papua New Guinea,345,399
176,2002,Paraguay,12,13
177,2002,Qatar,12,57
178,2002,Rwanda,18288,14151
179,2002,Saudi Arabia,1785,3427
180,2002,Senegal,12361,8896
181,2002,Serbia and Kosovo (S/RES/1244 (1999)),305749,283514
182,2002,Sierra Leone,26136,25292
183,2002,Singapore,1,3
184,2002,Slovenia,139,122
185,2002,Somalia,94,105
186,2002,South Africa,3173,4464
187,2002,Sri Lanka,15,26
188,2002,Sudan,53785,57563
189,2002,Swaziland,49,65
190,2002,Syrian Arab Rep.,1941,2365
191,2002,Tajikistan,1862,1671
192,2002,Thailand,54486,58128
193,2002,The former Yugoslav Republic of Macedonia,5861,5993
194,2002,Timor-Leste,0,5
195,2002,Togo,7239,5179
196,2002,Tunisia,43,59
197,2002,Turkey,1074,1354
198,2002,Turkmenistan,6423,7273
199,2002,Uganda,96870,100664
200,2002,Ukraine,527,1164
201,2002,United Rep. of Tanzania,353669,337869
202,2002,Uruguay,39,61
203,2002,Uzbekistan,22068,19317
204,2002,Venezuela (Bolivarian Republic of),451,568
205,2002,Viet Nam,1118,963
206,2002,Yemen,35949,35601
207,2002,Zambia,70146,68312
208,2002,Zimbabwe,448,1110
209,2003,Afghanistan,979612,1290653
210,2003,Albania,56,63
211,2003,Algeria,7,21
212,2003,Angola,7778,6610
213,2003,Armenia,100616,85730
214,2003,Azerbaijan,268830,239657
215,2003,Bahrain,0,1
216,2003,Bangladesh,10021,9779
217,2003,Belarus,365,563
218,2003,Belize,421,448
219,2003,Benin,609,1162
220,2003,Bolivia (Plurinational State of),152,202
221,2003,Botswana,1502,2415
222,2003,Burundi,29325,22178
223,2003,Cambodia,36,86
224,2003,Cameroon,8889,8094
225,2003,Central African Rep.,19794,24959
226,2003,Chad,82336,65029
227,2003,Chile,152,363
228,2003,China,142491,156906
229,2003,"China, Hong Kong SAR",58,230
230,2003,Colombia,80,119
231,2003,Congo,45516,45846
232,2003,Costa Rica,6119,7389
233,2003,Croatia,10,44
234,2003,Cuba,23,37
235,2003,Czech Rep.,222,192
236,2003,Côte d'Ivoire,40510,35461
237,2003,Dem. Rep. of the Congo,31899,30595
238,2003,Egypt,7277,11472
239,2003,El Salvador,116,136
240,2003,Eritrea,1720,2370
241,2003,Estonia,1,14
242,2003,Ethiopia,59348,67706
243,2003,Gabon,8542,10581
244,2003,Gambia,2428,5038
245,2003,Georgia,140250,113386
246,2003,Ghana,23944,24090
247,2003,Guatemala,362,355
248,2003,Guinea,84497,81237
249,2003,Guinea-Bissau,3963,3667
250,2003,Honduras,4,19
251,2003,India,5959,5534
252,2003,Indonesia,111,190
253,2003,Iran (Islamic Rep. of),13571,20899
254,2003,Iraq,23087,23634
255,2003,Jordan,2931,5005
256,2003,Kazakhstan,8,31
257,2003,Kenya,109176,131363
258,2003,Kuwait,50822,51886
259,2003,Kyrgyzstan,2811,3415
260,2003,Latvia,4,9
261,2003,Liberia,7392,6605
262,2003,Libya,4798,7157
263,2003,Malawi,5969,6083
264,2003,Malaysia,1639,5785
265,2003,Mali,4408,6313
266,2003,Mauritania,202,273
267,2003,Mexico,2512,3328
268,2003,Morocco,928,1370
269,2003,Namibia,6269,7117
270,2003,Nepal,50804,52896
271,2003,Nicaragua,143,167
272,2003,Niger,149,192
273,2003,Nigeria,3496,3796
274,2003,Oman,2,22
275,2003,Pakistan,6965,6320
276,2003,Panama,329,467
277,2003,Papua New Guinea,3744,4053
278,2003,Paraguay,14,18
279,2003,Qatar,26,70
280,2003,Rep. of Korea,34,130
281,2003,Rep. of Moldova,63,179
282,2003,Rwanda,21266,18357
283,2003,Saudi Arabia,321,607
284,2003,Senegal,13017,9974
285,2003,Serbia and Kosovo (S/RES/1244 (1999)),268610,247670
286,2003,Sierra Leone,28379,27263
287,2003,Singapore,3,0
288,2003,Slovenia,616,652
289,2003,Somalia,179,189
290,2003,South Africa,23607,87036
291,2003,Sri Lanka,195155,190985
292,2003,Sudan,48332,52464
293,2003,Swaziland,34,52
294,2003,Syrian Arab Rep.,1741,1940
295,2003,Tajikistan,1817,1504
296,2003,Thailand,57614,61439
297,2003,The former Yugoslav Republic of Macedonia,4,5
298,2003,Timor-Leste,1,14
299,2003,Togo,7348,5389
300,2003,Tunisia,42,57
301,2003,Turkey,2296,3073
302,2003,Turkmenistan,6353,7166
303,2003,Uganda,101643,109014
304,2003,Ukraine,183,781
305,2003,United Rep. of Tanzania,240064,239706
306,2003,Uruguay,32,68
307,2003,Uzbekistan,21958,19215
308,2003,Venezuela (Bolivarian Republic of),1084,1207
309,2003,Viet Nam,1228,1132
310,2003,Yemen,25501,25143
311,2003,Zambia,65727,63785
312,2003,Zimbabwe,781,1620
313,2004,Afghanistan,2858003,3186537
314,2004,Albania,33,54
315,2004,Algeria,11,32
316,2004,Angola,54879,50253
317,2004,Armenia,99310,84616
318,2004,Azerbaijan,271559,243401
319,2004,Bahrain,2,4
320,2004,Bangladesh,10336,10140
321,2004,Belarus,399,598
322,2004,Belize,347,415
323,2004,Benin,753,1295
324,2004,Bolivia (Plurinational State of),234,312
325,2004,Botswana,1504,2369
326,2004,Burundi,32789,27872
327,2004,Cambodia,24,66
328,2004,Cameroon,8846,7840
329,2004,Central African Rep.,13318,14450
330,2004,Chad,130707,98945
331,2004,Chile,198,456
332,2004,China,30,105
333,2004,"China, Hong Kong SAR",18,36
334,2004,Colombia,62,110
335,2004,Congo,34216,34316
336,2004,Costa Rica,4674,5739
337,2004,Croatia,7,22
338,2004,Cuba,15,30
339,2004,Czech Rep.,461,613
340,2004,Côte d'Ivoire,38789,35125
341,2004,Dem. Rep. of the Congo,20119,19099
342,2004,Egypt,10486,18609
343,2004,El Salvador,110,126
344,2004,Eritrea,1999,2719
345,2004,Estonia,2,15
346,2004,Ethiopia,53903,62084
347,2004,Gabon,8109,10517
348,2004,Gambia,3826,4119
349,2004,Georgia,1296,1247
350,2004,Ghana,23644,24419
351,2004,Guatemala,339,321
352,2004,Guinea,71451,74118
353,2004,Guinea-Bissau,6356,6321
354,2004,Honduras,3,40
355,2004,India,5807,5264
356,2004,Indonesia,72,155
357,2004,Iran (Islamic Rep. of),14809,24179
358,2004,Iraq,19923,20271
359,2004,Jordan,4682,8871
360,2004,Kazakhstan,300,423
361,2004,Kenya,113012,135994
362,2004,Kuwait,50795,51881
363,2004,Kyrgyzstan,1942,2267
364,2004,Latvia,2,5
365,2004,Liberia,1586,1801
366,2004,Libya,4993,7373
367,2004,Malawi,3169,3846
368,2004,Malaysia,7800,27333
369,2004,Mali,4952,7389
370,2004,Mauritania,193,280
371,2004,Mexico,1129,1881
372,2004,Morocco,928,1370
373,2004,Mozambique,2006,2499
374,2004,Namibia,3752,4745
375,2004,Nepal,51436,53700
376,2004,Nicaragua,174,119
377,2004,Niger,169,216
378,2004,Nigeria,2996,3437
379,2004,Oman,6,25
380,2004,Pakistan,508868,452741
381,2004,Panama,32,25
382,2004,Papua New Guinea,1292,1393
383,2004,Paraguay,18,29
384,2004,Qatar,9,61
385,2004,Rep. of Korea,93,198
386,2004,Rep. of Moldova,50,191
387,2004,Russian Federation,758,1222
388,2004,Rwanda,28661,24808
389,2004,Saudi Arabia,217,498
390,2004,Senegal,12887,10329
391,2004,Serbia and Kosovo (S/RES/1244 (1999)),312207,295648
392,2004,Sierra Leone,63344,56615
393,2004,Singapore,1,3
394,2004,Slovenia,265,362
395,2004,Somalia,173,184
396,2004,Sri Lanka,178160,174325
397,2004,Sudan,48908,56054
398,2004,Swaziland,34,52
399,2004,Syrian Arab Rep.,7469,9770
400,2004,Thailand,59192,62996
401,2004,The former Yugoslav Republic of Macedonia,1142,1100
402,2004,Togo,781,1023
403,2004,Tunisia,38,72
404,2004,Turkey,2566,3487
405,2004,Turkmenistan,6249,7011
406,2004,Uganda,112497,119574
407,2004,United Rep. of Tanzania,203214,200640
408,2004,Uruguay,32,75
409,2004,Uzbekistan,21668,18818
410,2004,Venezuela (Bolivarian Republic of),2144,2469
411,2004,Viet Nam,1228,1132
412,2004,Yemen,25357,24936
413,2004,Zambia,47297,46679
414,2004,Zimbabwe,478,1090
415,2005,Afghanistan,3111728,3315368
416,2005,Albania,31,60
417,2005,Algeria,81,321
418,2005,Angola,7926,6943
419,2005,Argentina,1371,2528
420,2005,Armenia,125124,94496
421,2005,Azerbaijan,268441,240447
422,2005,Bahrain,5,10
423,2005,Bangladesh,10699,10457
424,2005,Belarus,387,594
425,2005,Belize,276,362
426,2005,Benin,9029,12189
427,2005,Bolivia (Plurinational State of),155,210
428,2005,Bosnia and Herzegovina,823,807
429,2005,Botswana,1068,2040
430,2005,Brazil,872,2586
431,2005,Bulgaria,63,759
432,2005,Burkina Faso,496,665
433,2005,Burundi,4834,4379
434,2005,Cambodia,16,39
435,2005,Cameroon,5108,4598
436,2005,Central African Rep.,13026,13503
437,2005,Chad,138182,105331
438,2005,Chile,344,569
439,2005,China,143963,157162
440,2005,"China, Hong Kong SAR",967,2064
441,2005,Colombia,67,130
442,2005,Congo,32930,33145
443,2005,Croatia,4,10
444,2005,Cuba,17,32
445,2005,Czech Rep.,388,618
446,2005,Côte d'Ivoire,43046,39063
447,2005,Dem. Rep. of the Congo,40829,38290
448,2005,Djibouti,4,15
449,2005,Ecuador,144,161
450,2005,Egypt,11113,18934
451,2005,El Salvador,16,34
452,2005,Eritrea,2635,3405
453,2005,Estonia,0,15
454,2005,Ethiopia,48395,52631
455,2005,Gabon,5645,7129
456,2005,Gambia,4297,3635
457,2005,Georgia,1255,1250
458,2005,Ghana,29299,29734
459,2005,Guatemala,223,171
460,2005,Guinea,35458,31875
461,2005,Guinea-Bissau,3975,3807
462,2005,Honduras,3,69
463,2005,Hungary,131,385
464,2005,India,6053,5606
465,2005,Indonesia,100,293
466,2005,Iran (Islamic Rep. of),12019,19568
467,2005,Iraq,20175,20741
468,2005,Jordan,6460,11084
469,2005,Kazakhstan,376,508
470,2005,Kenya,120079,147652
471,2005,Kuwait,50779,51944
472,2005,Kyrgyzstan,1415,1681
473,2005,Latvia,3,13
474,2005,Liberia,4758,5474
475,2005,Malawi,4363,5208
476,2005,Malaysia,10751,34015
477,2005,Mali,5188,7845
478,2005,Mauritania,258,466
479,2005,Mexico,1339,2051
480,2005,Mongolia,0,2
481,2005,Morocco,3,1
482,2005,Mozambique,2619,3330
483,2005,Namibia,2937,3269
484,2005,Nepal,52359,55090
485,2005,Nicaragua,136,92
486,2005,Niger,153,196
487,2005,Nigeria,4297,5142
488,2005,Oman,4,7
489,2005,Pakistan,363,756
490,2005,Panama,451,450
491,2005,Papua New Guinea,1205,1294
492,2005,Paraguay,23,35
493,2005,Peru,435,749
494,2005,Qatar,13,61
495,2005,Rep. of Korea,140,448
496,2005,Rep. of Moldova,45,187
497,2005,Romania,59,306
498,2005,Russian Federation,368,509
499,2005,Rwanda,26891,22616
500,2005,Saudi Arabia,253,645
501,2005,Senegal,12891,10450
502,2005,Serbia and Kosovo (S/RES/1244 (1999)),243480,238609
503,2005,Sierra Leone,30546,29588
504,2005,Singapore,2,2
505,2005,Slovenia,186,250
506,2005,Somalia,231,262
507,2005,Sri Lanka,164199,160727
508,2005,Sudan,46626,48747
509,2005,Swaziland,39,52
510,2005,Syrian Arab Rep.,13674,16350
511,2005,Tajikistan,630,428
512,2005,Thailand,64543,64142
513,2005,The former Yugoslav Republic of Macedonia,452,451
514,2005,Timor-Leste,1,12
515,2005,Togo,722,987
516,2005,Tunisia,34,79
517,2005,Turkey,3053,3984
518,2005,Turkmenistan,6029,5936
519,2005,Uganda,104178,104302
520,2005,United Rep. of Tanzania,174629,175961
521,2005,Uruguay,40,90
522,2005,Uzbekistan,21518,18648
523,2005,Venezuela (Bolivarian Republic of),2944,3401
524,2005,Viet Nam,1228,1129
525,2005,Yemen,23986,24376
526,2005,Zambia,36959,38504
527,2006,Afghanistan,2289028,2668110
528,2006,Albania,30,62
529,2006,Algeria,28,147
530,2006,Angola,32842,27074
531,2006,Argentina,1415,2610
532,2006,Armenia,58042,55750
533,2006,Azerbaijan,362636,321891
534,2006,Bahrain,7,11
535,2006,Bangladesh,13679,12711
536,2006,Belarus,373,520
537,2006,Belize,76,97
538,2006,Benin,4935,7211
539,2006,Bolivia (Plurinational State of),164,251
540,2006,Bosnia and Herzegovina,78092,73420
541,2006,Botswana,1089,2156
542,2006,Bulgaria,60,579
543,2006,Burkina Faso,479,788
544,2006,Burundi,10232,9775
545,2006,Cambodia,100,195
546,2006,Cameroon,18357,20887
547,2006,Central African Rep.,80194,81090
548,2006,Chad,105895,79865
549,2006,Chile,599,873
550,2006,China,81,153
551,2006,"China, Hong Kong SAR",1053,3294
552,2006,Colombia,72,148
553,2006,Congo,27794,27936
554,2006,Costa Rica,257,518
555,2006,Croatia,4,6
556,2006,Cuba,28,666
557,2006,Czech Rep.,76,101
558,2006,Côte d'Ivoire,383234,355744
559,2006,Dem. Rep. of the Congo,97211,89255
560,2006,Djibouti,5,11
561,2006,Egypt,46610,57857
562,2006,El Salvador,11,28
563,2006,Eritrea,2942,3715
564,2006,Estonia,2,5
565,2006,Ethiopia,45712,51591
566,2006,Fiji,0,2
567,2006,Gabon,5588,6968
568,2006,Georgia,8,11
569,2006,Ghana,25189,25346
570,2006,Greece,229,2727
571,2006,Guatemala,213,172
572,2006,Guinea,17578,17777
573,2006,Guinea-Bissau,4081,4040
574,2006,Honduras,3,19
575,2006,Hungary,13,51
576,2006,India,40272,41578
577,2006,Indonesia,89,477
578,2006,Iran (Islamic Rep. of),13067,19453
579,2006,Iraq,22894,23692
580,2006,Jordan,7763,12422
581,2006,Kazakhstan,336,453
582,2006,Kenya,131865,159181
583,2006,Kuwait,256,319
584,2006,Kyrgyzstan,5985,5955
585,2006,Latvia,5,19
586,2006,Liberia,181599,180287
587,2006,Libya,1821,2933
588,2006,Liechtenstein,11,14
589,2006,Malawi,4045,5143
590,2006,Malaysia,12204,34152
591,2006,Mali,4954,7515
592,2006,Mauritania,286,575
593,2006,Mexico,1379,2076
594,2006,Micronesia (Federated States of),0,2
595,2006,Mongolia,3,4
596,2006,Montenegro,12156,10976
597,2006,Mozambique,3006,3868
598,2006,Namibia,3047,3439
599,2006,Nepal,52971,55576
600,2006,Nicaragua,126,82
601,2006,Niger,149,188
602,2006,Nigeria,4103,5341
603,2006,Oman,4,10
604,2006,Pakistan,520497,524556
605,2006,Panama,6970,8621
606,2006,Papua New Guinea,1307,1378
607,2006,Paraguay,23,38
608,2006,Philippines,13,92
609,2006,Qatar,17,64
610,2006,Rep. of Korea,153,557
611,2006,Rep. of Moldova,52,187
612,2006,Romania,80,303
613,2006,Rwanda,30797,24461
614,2006,Saudi Arabia,383,651
615,2006,Senegal,12837,10388
616,2006,Serbia and Kosovo (S/RES/1244 (1999)),208217,204808
617,2006,Sierra Leone,14026,13567
618,2006,Singapore,2,9
619,2006,Slovakia,5,3
620,2006,Slovenia,170,463
621,2006,Somalia,889,1442
622,2006,Sri Lanka,282577,271541
623,2006,Sudan,76233,74349
624,2006,Swaziland,39,52
625,2006,Syrian Arab Rep.,22961,26686
626,2006,Tajikistan,415,439
627,2006,Thailand,73493,78336
628,2006,The former Yugoslav Republic of Macedonia,957,967
629,2006,Timor-Leste,1,5
630,2006,Togo,1899,2086
631,2006,Tunisia,43,118
632,2006,Turkey,3637,4877
633,2006,Turkmenistan,368,383
634,2006,Uganda,113232,114907
635,2006,United Arab Emirates,89,117
636,2006,United Rep. of Tanzania,147690,139751
637,2006,Uruguay,50,103
638,2006,Venezuela (Bolivarian Republic of),3634,4120
639,2006,Viet Nam,4845,4775
640,2006,Yemen,24404,25285
641,2006,Zambia,33388,31302
642,2006,Zimbabwe,1548,1971
643,2007,Afghanistan,3153817,3465382
644,2007,Albania,40,59
645,2007,Angola,13232,12673
646,2007,Argentina,1526,2824
647,2007,Armenia,2482,2182
648,2007,Azerbaijan,1364,1490
649,2007,Bahrain,11,24
650,2007,Bangladesh,14246,13380
651,2007,Belarus,318,457
652,2007,Belize,135,225
653,2007,Benin,3441,4716
654,2007,Bolivia (Plurinational State of),198,370
655,2007,Bosnia and Herzegovina,75481,71075
656,2007,Bulgaria,108,867
657,2007,Burkina Faso,416,717
658,2007,Burundi,15861,16153
659,2007,Cambodia,141,277
660,2007,Cameroon,30934,31360
661,2007,Central African Rep.,89754,91767
662,2007,Chad,156938,122093
663,2007,China,84,169
664,2007,"China, Hong Kong SAR",347,1674
665,2007,Colombia,72,150
666,2007,Congo,19210,19262
667,2007,Croatia,15,39
668,2007,Cuba,20,609
669,2007,Czech Rep.,367,596
670,2007,Côte d'Ivoire,381031,354647
671,2007,Dem. Rep. of the Congo,100507,95465
672,2007,Djibouti,3413,3238
673,2007,Egypt,50915,61600
674,2007,El Salvador,11,33
675,2007,Eritrea,3119,3942
676,2007,Estonia,0,3
677,2007,Ethiopia,39611,45757
678,2007,Fiji,0,1
679,2007,Gabon,5749,7337
680,2007,Gambia,3641,2757
681,2007,Georgia,9,12
682,2007,Ghana,18413,16989
683,2007,Guatemala,212,169
684,2007,Guinea,14240,15011
685,2007,Guinea-Bissau,4113,4090
686,2007,Haiti,0,2
687,2007,Honduras,3,40
688,2007,India,42811,43958
689,2007,Indonesia,119,407
690,2007,Iraq,22154,22613
691,2007,Kazakhstan,4173,4346
692,2007,Kenya,124976,146518
693,2007,Kuwait,376,484
694,2007,Kyrgyzstan,5408,5405
695,2007,Latvia,8,37
696,2007,Liberia,25637,25098
697,2007,Lithuania,145,137
698,2007,Malawi,4437,5274
699,2007,Malaysia,11656,27854
700,2007,Mali,4346,6767
701,2007,Malta,316,3505
702,2007,Mauritania,349,647
703,2007,Mexico,643,1022
704,2007,Micronesia (Federated States of),0,2
705,2007,Mongolia,2,6
706,2007,Montenegro,13009,11676
707,2007,Morocco,443,1014
708,2007,Mozambique,3033,3895
709,2007,Myanmar,343045,343132
710,2007,Namibia,3536,4247
711,2007,Nepal,53847,55814
712,2007,Nicaragua,123,86
713,2007,Niger,154,184
714,2007,Nigeria,3852,5308
715,2007,Oman,20,28
716,2007,Pakistan,950402,1085229
717,2007,Panama,1056,1366
718,2007,Papua New Guinea,1197,1315
719,2007,Paraguay,31,45
720,2007,Philippines,13,124
721,2007,Qatar,22,68
722,2007,Rep. of Korea,239,1034
723,2007,Russian Federation,1043,1850
724,2007,Rwanda,35671,28093
725,2007,Saint Lucia,0,3
726,2007,Saudi Arabia,382,637
727,2007,Senegal,12733,10226
728,2007,Serbia and Kosovo (S/RES/1244 (1999)),164741,162112
729,2007,Sierra Leone,4370,4654
730,2007,Singapore,4,30
731,2007,Slovakia,6,7
732,2007,Slovenia,74,340
733,2007,Somalia,512587,490493
734,2007,Sri Lanka,226137,219573
735,2007,Sudan,805439,802678
736,2007,Swaziland,37,54
737,2007,Syrian Arab Rep.,464,501
738,2007,Tajikistan,2,5
739,2007,Thailand,67334,71793
740,2007,The former Yugoslav Republic of Macedonia,939,921
741,2007,Timor-Leste,0,5
742,2007,Togo,2386,2471
743,2007,Trinidad and Tobago,8,117
744,2007,Tunisia,47,108
745,2007,Turkey,5126,7143
746,2007,Turkmenistan,74,67
747,2007,Uganda,110728,113225
748,2007,United Arab Emirates,95,128
749,2007,United Rep. of Tanzania,110139,107565
750,2007,Uruguay,51,126
751,2007,Vanuatu,1,0
752,2007,Venezuela (Bolivarian Republic of),4392,5210
753,2007,Viet Nam,4834,4786
754,2007,Yemen,70738,61448
755,2007,Zambia,30467,28873
756,2007,Zimbabwe,1222,1670
757,2008,Afghanistan,3628444,3847427
758,2008,Albania,34,53
759,2008,Algeria,254,732
760,2008,Angola,14677,13988
761,2008,Armenia,2158,1966
762,2008,Bahrain,38,59
763,2008,Bangladesh,14673,13719
764,2008,Belarus,281,425
765,2008,Belize,2,5
766,2008,Benin,3059,4086
767,2008,Bolivia (Plurinational State of),181,348
768,2008,Bosnia and Herzegovina,9912,9506
769,2008,Botswana,1105,1789
770,2008,Bulgaria,158,588
771,2008,Burkina Faso,427,734
772,2008,Burundi,13634,12728
773,2008,Cambodia,102,123
774,2008,Cameroon,42223,41045
775,2008,Central African Rep.,98382,107510
776,2008,Chad,251929,200778
777,2008,China,33,63
778,2008,"China, Hong Kong SAR",360,855
779,2008,Colombia,78,199
780,2008,Congo,13380,14704
781,2008,Croatia,1107,1100
782,2008,Cuba,11,524
783,2008,Czech Rep.,15516,13658
784,2008,Côte d'Ivoire,26043,24187
785,2008,Dem. Rep. of the Congo,84142,77027
786,2008,Djibouti,4676,4554
787,2008,Egypt,51245,61360
788,2008,El Salvador,10,22
789,2008,Eritrea,2147,2845
790,2008,Estonia,3,8
791,2008,Ethiopia,40444,44806
792,2008,Fiji,2,4
793,2008,Gabon,5772,7535
794,2008,Gambia,3641,2757
795,2008,Georgia,7,21
796,2008,Ghana,8728,9968
797,2008,Guatemala,67,68
798,2008,Guinea,10986,11133
799,2008,Guinea-Bissau,4113,4098
800,2008,Haiti,0,3
801,2008,Honduras,3,21
802,2008,Hungary,1371,4690
803,2008,Iceland,85,73
804,2008,India,43498,44830
805,2008,Indonesia,157,568
806,2008,Iraq,20439,21108
807,2008,Israel,2772,12098
808,2008,Jordan,258791,242307
809,2008,Kazakhstan,287,443
810,2008,Kenya,155279,174086
811,2008,Kuwait,489,2396
812,2008,Kyrgyzstan,11196,9765
813,2008,Latvia,18,36
814,2008,Liberia,10221,9576
815,2008,Lithuania,149,202
816,2008,Malawi,4399,5026
817,2008,Malaysia,15721,30277
818,2008,Mali,4525,6969
819,2008,Mauritania,392,710
820,2008,Mexico,405,668
821,2008,Micronesia (Federated States of),0,1
822,2008,Mongolia,4,7
823,2008,Montenegro,780,803
824,2008,Morocco,330,905
825,2008,Mozambique,3158,4461
826,2008,Myanmar,343045,343132
827,2008,Namibia,3689,4451
828,2008,Nepal,50641,52672
829,2008,Nicaragua,108,39
830,2008,Niger,156,188
831,2008,Nigeria,5070,6272
832,2008,Oman,24,30
833,2008,Pakistan,901185,1035975
834,2008,Panama,7619,9896
835,2008,Papua New Guinea,1197,1316
836,2008,Paraguay,30,49
837,2008,Philippines,23,170
838,2008,Qatar,23,27
839,2008,Rep. of Korea,300,1161
840,2008,Rep. of Moldova,52,129
841,2008,Russian Federation,384,769
842,2008,Rwanda,30183,24879
843,2008,Saint Lucia,0,1
844,2008,Saudi Arabia,304,435
845,2008,Senegal,18945,16942
846,2008,Serbia and Kosovo (S/RES/1244 (1999)),171884,169161
847,2008,Sierra Leone,4473,3682
848,2008,Singapore,3,7
849,2008,Slovakia,23,169
850,2008,Slovenia,20,44
851,2008,Somalia,654076,626208
852,2008,Sri Lanka,264148,262114
853,2008,Sudan,630662,624587
854,2008,Suriname,0,1
855,2008,Swaziland,81,137
856,2008,Syrian Arab Rep.,541,611
857,2008,Tajikistan,17,23
858,2008,Thailand,60979,64531
859,2008,The former Yugoslav Republic of Macedonia,887,885
860,2008,Timor-Leste,0,17
861,2008,Togo,7865,6228
862,2008,Trinidad and Tobago,12,120
863,2008,Tunisia,44,101
864,2008,Turkey,7963,10537
865,2008,Turkmenistan,40,39
866,2008,Uganda,77434,77941
867,2008,United Rep. of Tanzania,165252,156911
868,2008,Uruguay,49,135
869,2008,Uzbekistan,375,446
870,2008,Vanuatu,0,4
871,2008,Venezuela (Bolivarian Republic of),61366,67688
872,2008,Viet Nam,4928,4629
873,2008,Yemen,84922,72840
874,2008,Zambia,26376,27058
875,2008,Zimbabwe,1260,1519
876,2009,Afghanistan,162876,172803
877,2009,Albania,35,55
878,2009,Algeria,84,201
879,2009,Angola,4393608,4749166
880,2009,Armenia,1846,1800
881,2009,Azerbaijan,984,1186
882,2009,Bahrain,65,86
883,2009,Bangladesh,14657,13714
884,2009,Belarus,267,393
885,2009,Belize,7,14
886,2009,Benin,3047,4282
887,2009,Bolivia (Plurinational State of),193,294
888,2009,Bosnia and Herzegovina,9237,8902
889,2009,Botswana,1218,2010
890,2009,Brazil,1816,2003
891,2009,British Virgin Islands,0,6
892,2009,Bulgaria,148,705
893,2009,Burkina Faso,398,660
894,2009,Burundi,16227,15078
895,2009,Cambodia,68,96
896,2009,Cameroon,52286,48983
897,2009,Canada,27193,33959
898,2009,Cayman Islands,0,5
899,2009,Central African Rep.,106769,118540
900,2009,Chad,283326,222369
901,2009,China,52,89
902,2009,"China, Hong Kong SAR",340,537
903,2009,"China, Macao SAR",6,6
904,2009,Colombia,85,233
905,2009,Congo,9807,12441
906,2009,Croatia,11,44
907,2009,Cuba,7,452
908,2009,Côte d'Ivoire,13255,11610
909,2009,Dem. Rep. of the Congo,61139,55145
910,2009,Djibouti,6349,6683
911,2009,Egypt,49505,58408
912,2009,El Salvador,14,74
913,2009,Eritrea,2233,2652
914,2009,Estonia,5,18
915,2009,Ethiopia,57013,67331
916,2009,Fiji,2,4
917,2009,Gabon,5706,7426
918,2009,Gambia,2686,2711
919,2009,Ghana,6762,7494
920,2009,Guatemala,68,67
921,2009,Guinea,8352,7901
922,2009,Guinea-Bissau,4101,4086
923,2009,Haiti,1,14
924,2009,Honduras,3,17
925,2009,Hungary,572,8255
926,2009,Iceland,85,50
927,2009,India,44384,46380
928,2009,Indonesia,276,2291
929,2009,Iran (Islamic Rep. of),471579,559024
930,2009,Iraq,284721,291954
931,2009,Israel,2534,15202
932,2009,Jamaica,10,16
933,2009,Jordan,19572,20532
934,2009,Kazakhstan,330,419
935,2009,Kenya,183612,194723
936,2009,Kuwait,653,2553
937,2009,Kyrgyzstan,13717,11750
938,2009,Latvia,26,55
939,2009,Liberia,5646,5666
940,2009,Libya,5130,7192
941,2009,Lithuania,83,170
942,2009,Malawi,5235,6051
943,2009,Malaysia,24465,51955
944,2009,Mali,6666,8578
945,2009,Malta,188,2074
946,2009,Mauritania,319,594
947,2009,Mexico,469,862
948,2009,Micronesia (Federated States of),0,1
949,2009,Mongolia,5,9
950,2009,Montenegro,726,753
951,2009,Morocco,305,786
952,2009,Mozambique,3212,4511
953,2009,Myanmar,343045,343132
954,2009,Namibia,3818,4719
955,2009,Nepal,42317,43820
956,2009,Nicaragua,49,72
957,2009,Niger,164,193
958,2009,Nigeria,4810,5462
959,2009,Oman,22,16
960,2009,Pakistan,807358,933594
961,2009,Palau,2,10
962,2009,Panama,7633,10081
963,2009,Papua New Guinea,1200,1317
964,2009,Paraguay,33,60
965,2009,Philippines,16,134
966,2009,Qatar,18,19
967,2009,Rep. of Korea,144,445
968,2009,Rep. of Moldova,1265,942
969,2009,Romania,13,199
970,2009,Russian Federation,238,455
971,2009,Rwanda,41542,33349
972,2009,Saint Lucia,1,3
973,2009,Saint Vincent and the Grenadines,0,1
974,2009,Saudi Arabia,279,400
975,2009,Senegal,12068,12879
976,2009,Serbia and Kosovo (S/RES/1244 (1999)),166641,165251
977,2009,Sierra Leone,4631,4629
978,2009,Singapore,3,4
979,2009,Slovakia,64,213
980,2009,Slovenia,42,287
981,2009,Somalia,795158,761960
982,2009,Sri Lanka,263563,253326
983,2009,Sudan,619931,612848
984,2009,Suriname,0,1
985,2009,Swaziland,121,135
986,2009,Tajikistan,30,34
987,2009,Thailand,56294,59258
988,2009,The former Yugoslav Republic of Macedonia,1749,1653
989,2009,Timor-Leste,0,11
990,2009,Togo,4981,3880
991,2009,Trinidad and Tobago,14,219
992,2009,Tunisia,48,80
993,2009,Turkey,6747,9494
994,2009,Turkmenistan,32,28
995,2009,Uganda,68218,70678
996,2009,United Arab Emirates,170,185
997,2009,United Rep. of Tanzania,52619,50227
998,2009,Uruguay,68,141
999,2009,Uzbekistan,256,299
1000,2009,Vanuatu,0,4
1001,2009,Venezuela (Bolivarian Republic of),60716,67124
1002,2009,Viet Nam,4928,4629
1003,2009,Yemen,175365,144993
1004,2009,Zambia,17054,18061
1005,2009,Zimbabwe,2065,2565
1006,2010,Afghanistan,947914,957899
1007,2010,Albania,34,65
1008,2010,Algeria,138,305
1009,2010,Angola,8705,10964
1010,2010,Armenia,1706,1619
1011,2010,Azerbaijan,841,1067
1012,2010,Bahamas,13,25
1013,2010,Bahrain,111,123
1014,2010,Bangladesh,15027,14226
1015,2010,Belarus,270,385
1016,2010,Belgium,7774,10809
1017,2010,Benin,3018,4222
1018,2010,Bolivia (Plurinational State of),300,436
1019,2010,Bonaire,0,1
1020,2010,Bosnia and Herzegovina,65087,65703
1021,2010,Botswana,1210,2025
1022,2010,Brazil,1537,3907
1023,2010,British Virgin Islands,0,2
1024,2010,Bulgaria,133,892
1025,2010,Burkina Faso,406,659
1026,2010,Burundi,24426,22812
1027,2010,Cambodia,75,105
1028,2010,Cameroon,54778,51880
1029,2010,Canada,22310,28715
1030,2010,Cayman Islands,0,5
1031,2010,Central African Rep.,106453,108885
1032,2010,Chad,186092,142764
1033,2010,China,143996,157112
1034,2010,"China, Hong Kong SAR",214,427
1035,2010,"China, Macao SAR",4,6
1036,2010,Colombia,1816870,1855564
1037,2010,Congo,70641,68091
1038,2010,Costa Rica,8431,11449
1039,2010,Croatia,12495,11657
1040,2010,Cuba,14,408
1041,2010,Curaçao,5,4
1042,2010,Czech Rep.,345,659
1043,2010,Côte d'Ivoire,14078,12298
1044,2010,Dem. Rep. of the Congo,90641,93227
1045,2010,Denmark,1512,1704
1046,2010,Djibouti,7784,8059
1047,2010,Dominican Rep.,1178,1180
1048,2010,Ecuador,45954,56087
1049,2010,Egypt,50313,59106
1050,2010,El Salvador,19,37
1051,2010,Eritrea,2153,2793
1052,2010,Estonia,5,44
1053,2010,Ethiopia,74589,80734
1054,2010,Fiji,2,5
1055,2010,France,67449,93069
1056,2010,Gabon,5704,7443
1057,2010,Gambia,4376,4076
1058,2010,Georgia,1332,1177
1059,2010,Germany,280164,374016
1060,2010,Ghana,6944,7633
1061,2010,Grenada,1,2
1062,2010,Guatemala,69,71
1063,2010,Guinea,7658,7219
1064,2010,Guinea-Bissau,4205,3804
1065,2010,Guyana,4,3
1066,2010,Honduras,4,10
1067,2010,Iceland,5,17
1068,2010,India,42680,45887
1069,2010,Indonesia,435,2447
1070,2010,Iran (Islamic Rep. of),823,1033
1071,2010,Iraq,740744,759436
1072,2010,Italy,887,3189
1073,2010,Jamaica,7,14
1074,2010,Japan,1957,4902
1075,2010,Jordan,15967,17209
1076,2010,Kenya,210699,220172
1077,2010,Kuwait,734,1026
1078,2010,Kyrgyzstan,162078,141975
1079,2010,Latvia,33,88
1080,2010,Lebanon,3391,6089
1081,2010,Liberia,13302,11468
1082,2010,Libya,4527,6590
1083,2010,Lithuania,1574,2215
1084,2010,Malawi,5882,6937
1085,2010,Malaysia,27887,64970
1086,2010,Mali,6663,8598
1087,2010,Malta,204,3020
1088,2010,Mauritania,1082,1261
1089,2010,Mexico,521,1046
1090,2010,Mongolia,15,28
1091,2010,Montenegro,8390,7979
1092,2010,Montserrat,0,14
1093,2010,Morocco,313,759
1094,2010,Mozambique,3783,6208
1095,2010,Myanmar,454199,405204
1096,2010,Namibia,3913,4790
1097,2010,Nepal,37456,38863
1098,2010,Netherlands,4533,8514
1099,2010,Nicaragua,27,49
1100,2010,Niger,141,191
1101,2010,Nigeria,5082,5480
1102,2010,Oman,53,38
1103,2010,Pakistan,937528,1072815
1104,2010,Panama,7600,9955
1105,2010,Papua New Guinea,1199,1311
1106,2010,Paraguay,38,77
1107,2010,Peru,524,886
1108,2010,Philippines,103,281
1109,2010,Qatar,34,33
1110,2010,Rep. of Korea,184,598
1111,2010,Rep. of Moldova,1266,994
1112,2010,Romania,48,337
1113,2010,Russian Federation,56,338
1114,2010,Rwanda,36538,29036
1115,2010,Saint Lucia,1,5
1116,2010,Saudi Arabia,282,387
1117,2010,Senegal,11047,11802
1118,2010,Serbia and Kosovo (S/RES/1244 (1999)),158240,154706
1119,2010,Sierra Leone,4214,4359
1120,2010,Singapore,3,4
1121,2010,Sint Maarten (Dutch part),1,3
1122,2010,Slovakia,24,153
1123,2010,Slovenia,85,348
1124,2010,Somalia,757516,732327
1125,2010,Spain,881,1831
1126,2010,Sri Lanka,221934,213327
1127,2010,Sudan,907878,903533
1128,2010,Suriname,0,8
1129,2010,Switzerland,25128,36600
1130,2010,Syrian Arab Rep.,67697,75426
1131,2010,Tajikistan,53,45
1132,2010,Thailand,52349,54576
1133,2010,The former Yugoslav Republic of Macedonia,1586,1484
1134,2010,Timor-Leste,0,5
1135,2010,Togo,7441,6780
1136,2010,Tonga,2,1
1137,2010,Trinidad and Tobago,15,116
1138,2010,Tunisia,44,68
1139,2010,Turkey,7004,9743
1140,2010,Turkmenistan,10033,10029
1141,2010,Uganda,76421,80243
1142,2010,Ukraine,1378,3986
1143,2010,United Arab Emirates,296,328
1144,2010,United Rep. of Tanzania,139874,132915
1145,2010,Uruguay,71,158
1146,2010,Uzbekistan,138,173
1147,2010,Vanuatu,0,4
1148,2010,Venezuela (Bolivarian Republic of),103657,113749
1149,2010,Viet Nam,7701,4427
1150,2010,Yemen,227488,280867
1151,2010,Zambia,22156,23955
1152,2010,Zimbabwe,2177,2782
1153,2011,Afghanistan,766512,778679
1154,2011,Albania,44,62
1155,2011,Algeria,284,675
1156,2011,Argentina,835,1588
1157,2011,Armenia,1500,1454
1158,2011,Aruba,2,2
1159,2011,Azerbaijan,306050,294935
1160,2011,Bahamas,13,29
1161,2011,Bahrain,179,180
1162,2011,Bangladesh,15240,14431
1163,2011,Belarus,265,380
1164,2011,Belgium,9472,12874
1165,2011,Belize,53,80
1166,2011,Benin,3170,4405
1167,2011,Bolivia (Plurinational State of),302,432
1168,2011,Bosnia and Herzegovina,64417,64944
1169,2011,Botswana,1312,2246
1170,2011,Brazil,3329,9468
1171,2011,British Virgin Islands,0,2
1172,2011,Bulgaria,108,782
1173,2011,Burkina Faso,466,745
1174,2011,Burundi,68458,61735
1175,2011,Cambodia,31,82
1176,2011,Cameroon,53582,50089
1177,2011,Canada,38974,43713
1178,2011,Cayman Islands,0,4
1179,2011,Central African Rep.,100117,99779
1180,2011,Chad,195041,153618
1181,2011,China,143979,157069
1182,2011,"China, Hong Kong SAR",320,430
1183,2011,"China, Macao SAR",4,7
1184,2011,Colombia,1983357,1905308
1185,2011,Congo,74319,70988
1186,2011,Costa Rica,8727,11785
1187,2011,Croatia,11519,10715
1188,2011,Cuba,14,374
1189,2011,Curaçao,7,5
1190,2011,Côte d'Ivoire,141916,145744
1191,2011,Dem. Rep. of the Congo,130706,122457
1192,2011,Djibouti,10123,12124
1193,2011,Dominican Rep.,1205,1175
1194,2011,Ecuador,37685,38965
1195,2011,Egypt,52864,61221
1196,2011,El Salvador,12,31
1197,2011,Eritrea,2468,2258
1198,2011,Estonia,45869,51939
1199,2011,Ethiopia,142110,148081
1200,2011,Fiji,2,6
1201,2011,France,70878,97603
1202,2011,Gabon,5326,7472
1203,2011,Gambia,4960,4594
1204,2011,Georgia,1086,985
1205,2011,Germany,270731,363634
1206,2011,Ghana,12508,13712
1207,2011,Grenada,1,2
1208,2011,Guatemala,73,84
1209,2011,Guinea,8859,8355
1210,2011,Guinea-Bissau,4198,3693
1211,2011,Guyana,4,4
1212,2011,Haiti,0,6
1213,2011,Honduras,6,11
1214,2011,Iceland,80,132
1215,2011,India,43538,45098
1216,2011,Indonesia,785,3454
1217,2011,Iran (Islamic Rep. of),203,322
1218,2011,Iraq,161954,166565
1219,2011,Israel,13182,35465
1220,2011,Jamaica,7,13
1221,2011,Japan,2259,5078
1222,2011,Jordan,18364,19817
1223,2011,Kazakhstan,2168,2200
1224,2011,Kenya,298538,303223
1225,2011,Kuwait,669,784
1226,2011,Kyrgyzstan,107966,102652
1227,2011,Latvia,19,49
1228,2011,Lebanon,6517,9059
1229,2011,Lesotho,13,24
1230,2011,Liberia,68096,64380
1231,2011,Libya,4228,6207
1232,2011,Liechtenstein,12,45
1233,2011,Lithuania,2045,1564
1234,2011,Madagascar,5,6
1235,2011,Malawi,7458,9395
1236,2011,Malaysia,29265,68353
1237,2011,Mali,7951,10170
1238,2011,Mauritania,1041,1143
1239,2011,Mexico,473,922
1240,2011,Mongolia,1,5
1241,2011,Montenegro,6648,6698
1242,2011,Montserrat,0,5
1243,2011,Morocco,410,941
1244,2011,Mozambique,4659,9022
1245,2011,Myanmar,601103,546172
1246,2011,Namibia,3322,3687
1247,2011,Nepal,436440,437555
1248,2011,Netherlands,3647,6773
1249,2011,Nicaragua,41,51
1250,2011,Niger,168,257
1251,2011,Nigeria,4722,5613
1252,2011,Norway,1248,1525
1253,2011,Oman,71,55
1254,2011,Pakistan,828313,928542
1255,2011,Palau,0,2
1256,2011,Panama,7777,10282
1257,2011,Papua New Guinea,1133,1243
1258,2011,Paraguay,51,82
1259,2011,Peru,584,1054
1260,2011,Philippines,48,203
1261,2011,Poland,769,780
1262,2011,Qatar,67,62
1263,2011,Rep. of Korea,246,1177
1264,2011,Rep. of Moldova,1269,999
1265,2011,Romania,0,123
1266,2011,Russian Federation,30,50
1267,2011,Rwanda,35178,28003
1268,2011,Saint Lucia,1,4
1269,2011,Saint Vincent and the Grenadines,1,0
1270,2011,Saudi Arabia,286,393
1271,2011,Senegal,11459,11448
1272,2011,Serbia and Kosovo (S/RES/1244 (1999)),155340,151990
1273,2011,Sierra Leone,4017,4139
1274,2011,Singapore,1,2
1275,2011,Sint Maarten (Dutch part),1,2
1276,2011,Slovakia,103,408
1277,2011,Slovenia,20,80
1278,2011,Somalia,692562,672531
1279,2011,South Sudan,49630,56299
1280,2011,Sri Lanka,1017,1103
1281,2011,Sudan,1425340,1422832
1282,2011,Suriname,1,2
1283,2011,Sweden,4241,6103
1284,2011,Switzerland,26979,40352
1285,2011,Syrian Arab Rep.,55228,52301
1286,2011,Tajikistan,76,96
1287,2011,Thailand,50872,51738
1288,2011,The former Yugoslav Republic of Macedonia,1312,1324
1289,2011,Timor-Leste,0,2
1290,2011,Togo,9947,9738
1291,2011,Tonga,2,1
1292,2011,Trinidad and Tobago,12,30
1293,2011,Tunisia,1214,3242
1294,2011,Turkey,10919,14510
1295,2011,Turkmenistan,5531,5528
1296,2011,Uganda,79463,83438
1297,2011,Ukraine,625,1960
1298,2011,United Arab Emirates,356,366
1299,2011,United Rep. of Tanzania,149800,144404
1300,2011,Uruguay,71,154
1301,2011,Uzbekistan,94,120
1302,2011,Vanuatu,1,1
1303,2011,Venezuela (Bolivarian Republic of),102749,112992
1304,2011,Viet Nam,7217,3973
1305,2011,Yemen,256216,317721
1306,2011,Zambia,21295,23358
1307,2011,Zimbabwe,2558,3301
1308,2012,Afghanistan,723777,771521
1309,2012,Albania,46,68
1310,2012,Algeria,512,1352
1311,2012,Argentina,1087,2376
1312,2012,Armenia,1653,1619
1313,2012,Aruba,2,4
1314,2012,Austria,5835,15971
1315,2012,Azerbaijan,660,846
1316,2012,Bahamas,4,48
1317,2012,Bahrain,172,167
1318,2012,Bangladesh,15870,14830
1319,2012,Barbados,0,1
1320,2012,Belarus,263,375
1321,2012,Belgium,10938,14984
1322,2012,Belize,41,63
1323,2012,Benin,2295,2802
1324,2012,Bolivia (Plurinational State of),309,432
1325,2012,Bosnia and Herzegovina,86910,90353
1326,2012,Botswana,1259,2181
1327,2012,Brazil,4120,11116
1328,2012,British Virgin Islands,0,2
1329,2012,Bulgaria,152,1077
1330,2012,Burkina Faso,19037,20955
1331,2012,Burundi,80565,83639
1332,2012,Cambodia,26,75
1333,2012,Cameroon,52902,49193
1334,2012,Canada,19563,23374
1335,2012,Cayman Islands,0,3
1336,2012,Central African Rep.,7686,7491
1337,2012,Chad,195834,155611
1338,2012,Chile,133,145
1339,2012,China,144095,157207
1340,2012,"China, Hong Kong SAR",452,501
1341,2012,"China, Macao SAR",1,5
1342,2012,Colombia,2012609,1931205
1343,2012,Congo,51860,50947
1344,2012,Costa Rica,8977,12106
1345,2012,Croatia,10831,10263
1346,2012,Cuba,20,354
1347,2012,Curaçao,9,31
1348,2012,Czech Rep.,1665,2469
1349,2012,Côte d'Ivoire,70409,75433
1350,2012,Dem. Rep. of the Congo,96933,88529
1351,2012,Denmark,1703,1920
1352,2012,Djibouti,10591,11643
1353,2012,Dominican Rep.,795,730
1354,2012,Ecuador,33393,36654
1355,2012,Egypt,79343,86237
1356,2012,El Salvador,12,33
1357,2012,Eritrea,1734,1944
1358,2012,Estonia,11,59
1359,2012,Ethiopia,176796,180088
1360,2012,Fiji,5,8
1361,2012,Finland,1467,2431
1362,2012,France,83827,117617
1363,2012,Gabon,1555,2808
1364,2012,Gambia,5216,4637
1365,2012,Georgia,963,989
1366,2012,Germany,287520,387777
1367,2012,Ghana,8999,9622
1368,2012,Guatemala,76,86
1369,2012,Guinea,5476,5427
1370,2012,Guinea-Bissau,4207,3685
1371,2012,Guyana,4,3
1372,2012,Haiti,0,12
1373,2012,Honduras,8,9
1374,2012,Hungary,69,317
1375,2012,Iceland,87,160
1376,2012,India,44003,45212
1377,2012,Indonesia,1389,6556
1378,2012,Iran (Islamic Rep. of),14414,15039
1379,2012,Iraq,418116,440754
1380,2012,Ireland,359,439
1381,2012,Israel,8381,45750
1382,2012,Italy,2293,12037
1383,2012,Jamaica,7,13
1384,2012,Japan,1923,6197
1385,2012,Jordan,154997,150646
1386,2012,Kazakhstan,2148,2176
1387,2012,Kenya,302409,304468
1388,2012,Kuwait,671,832
1389,2012,Kyrgyzstan,98149,94536
1390,2012,Latvia,66,204
1391,2012,Lebanon,68203,67649
1392,2012,Lesotho,12,25
1393,2012,Liberia,50797,44538
1394,2012,Libya,5884,7733
1395,2012,Lithuania,1711,2569
1396,2012,Madagascar,4,6
1397,2012,Malawi,7727,8937
1398,2012,Malaysia,30850,70986
1399,2012,Mali,6831,7337
1400,2012,Mauritania,31562,26468
1401,2012,Mexico,577,870
1402,2012,Mongolia,1,12
1403,2012,Montenegro,8752,8655
1404,2012,Montserrat,0,5
1405,2012,Morocco,683,2239
1406,2012,Mozambique,5190,7408
1407,2012,Myanmar,532579,475496
1408,2012,Namibia,1271,1624
1409,2012,Nauru,0,379
1410,2012,Nepal,27860,28874
1411,2012,Nicaragua,59,81
1412,2012,Niger,27563,23055
1413,2012,Nigeria,1789,2407
1414,2012,Norway,2950,6449
1415,2012,Oman,86,72
1416,2012,Pakistan,1120376,1279360
1417,2012,Palau,0,3
1418,2012,Panama,7692,10104
1419,2012,Papua New Guinea,4597,4786
1420,2012,Paraguay,56,87
1421,2012,Peru,582,1018
1422,2012,Philippines,3059,3197
1423,2012,Poland,673,630
1424,2012,Qatar,70,67
1425,2012,Rep. of Korea,390,1609
1426,2012,Rep. of Moldova,1245,1013
1427,2012,Romania,110,1803
1428,2012,Rwanda,39926,30630
1429,2012,Saint Kitts and Nevis,0,1
1430,2012,Saint Lucia,0,3
1431,2012,Saudi Arabia,284,392
1432,2012,Senegal,8093,8477
1433,2012,Serbia and Kosovo (S/RES/1244 (1999)),149675,146541
1434,2012,Sierra Leone,2123,2148
1435,2012,Singapore,1,2
1436,2012,Sint Maarten (Dutch part),3,4
1437,2012,Slovakia,131,633
1438,2012,Slovenia,65,211
1439,2012,Solomon Islands,1,2
1440,2012,Somalia,5148,5677
1441,2012,South Sudan,105978,98544
1442,2012,Sri Lanka,887,966
1443,2012,Sudan,1073479,1072290
1444,2012,Suriname,1,2
1445,2012,Swaziland,363,564
1446,2012,Sweden,10655,16018
1447,2012,Switzerland,29680,42776
1448,2012,Syrian Arab Rep.,34964,35073
1449,2012,Tajikistan,36,4111
1450,2012,Thailand,49112,49947
1451,2012,The former Yugoslav Republic of Macedonia,1276,1436
1452,2012,Timor-Leste,0,1
1453,2012,Togo,12945,11079
1454,2012,Tonga,1,2
1455,2012,Trinidad and Tobago,5,20
1456,2012,Tunisia,360,1416
1457,2012,Turkey,86287,97526
1458,2012,Turkmenistan,4501,4492
1459,2012,Turks and Caicos Islands,10,12
1460,2012,Uganda,110153,115814
1461,2012,Ukraine,1773,4687
1462,2012,United Arab Emirates,351,371
1463,2012,United Rep. of Tanzania,135598,128245
1464,2012,Uruguay,82,138
1465,2012,Uzbekistan,80,96
1466,2012,Vanuatu,1,1
1467,2012,Venezuela (Bolivarian Republic of),96001,105033
1468,2012,Viet Nam,6800,4700
1469,2012,Yemen,332257,403596
1470,2012,Zambia,23046,25265
1471,2012,Zimbabwe,2005,2373
1472,2013,Afghanistan,497138,487159
1473,2013,Albania,114,207
1474,2013,Algeria,593,1367
1475,2013,Antigua and Barbuda,0,1
1476,2013,Argentina,1504,2774
1477,2013,Armenia,1636,1584
1478,2013,Aruba,2,4
1479,2013,Azerbaijan,622,836
1480,2013,Bahamas,4,23
1481,2013,Bahrain,165,181
1482,2013,Bangladesh,16286,14868
1483,2013,Barbados,0,1
1484,2013,Belarus,265,425
1485,2013,Belize,38,46
1486,2013,Benin,134,168
1487,2013,Bolivia (Plurinational State of),316,438
1488,2013,Bosnia and Herzegovina,3469,3499
1489,2013,Botswana,1063,1932
1490,2013,Brazil,4277,17873
1491,2013,British Virgin Islands,0,3
1492,2013,Bulgaria,1616,2944
1493,2013,Burkina Faso,15325,14700
1494,2013,Burundi,65876,68368
1495,2013,Cambodia,17,63
1496,2013,Cameroon,63161,59929
1497,2013,Canada,15482,18174
1498,2013,Cayman Islands,2,9
1499,2013,Chad,227510,180634
1500,2013,China,207,325
1501,2013,"China, Hong Kong SAR",876,1122
1502,2013,"China, Macao SAR",1,5
1503,2013,Colombia,100,198
1504,2013,Congo,26319,28452
1505,2013,Costa Rica,5594,7771
1506,2013,Croatia,48,261
1507,2013,Cuba,27,358
1508,2013,Curaçao,29,32
1509,2013,Côte d'Ivoire,12198,10875
1510,2013,Dem. Rep. of the Congo,1778067,1439772
1511,2013,Denmark,2008,2255
1512,2013,Djibouti,11199,12611
1513,2013,Dominican Rep.,803,742
1514,2013,Ecuador,31649,34799
1515,2013,Egypt,122037,131231
1516,2013,El Salvador,13,36
1517,2013,Eritrea,1530,1703
1518,2013,Estonia,15,80
1519,2013,Ethiopia,202227,208733
1520,2013,Fiji,5,9
1521,2013,Gabon,1361,2669
1522,2013,Gambia,5186,4589
1523,2013,Georgia,134188,114742
1524,2013,Germany,126324,196824
1525,2013,Ghana,9931,10586
1526,2013,Guatemala,85,90
1527,2013,Guinea,4463,4412
1528,2013,Guinea-Bissau,4626,4018
1529,2013,Guyana,7,4
1530,2013,Haiti,1,12
1531,2013,Honduras,15,24
1532,2013,India,12810,13586
1533,2013,Indonesia,2190,8126
1534,2013,Iran (Islamic Rep. of),14054,14815
1535,2013,Iraq,643453,687117
1536,2013,Ireland,2315,3686
1537,2013,Israel,8230,44745
1538,2013,Jamaica,9,13
1539,2013,Jordan,332916,313396
1540,2013,Kazakhstan,2142,2194
1541,2013,Kenya,292451,294772
1542,2013,Kuwait,789,876
1543,2013,Kyrgyzstan,7402,4794
1544,2013,Latvia,78,249
1545,2013,Lebanon,439141,423385
1546,2013,Lesotho,10,20
1547,2013,Liberia,28493,24896
1548,2013,Libya,13569,18600
1549,2013,Lithuania,64,125
1550,2013,Madagascar,8,5
1551,2013,Malawi,8053,8882
1552,2013,Malaysia,42816,97736
1553,2013,Mali,14207,14673
1554,2013,Mauritania,36792,30820
1555,2013,Mexico,707,1124
1556,2013,Mongolia,7,22
1557,2013,Montenegro,7607,7653
1558,2013,Morocco,1355,3618
1559,2013,Mozambique,6165,8954
1560,2013,Namibia,1526,1968
1561,2013,Nepal,15431,16373
1562,2013,Nicaragua,90,117
1563,2013,Niger,27013,22347
1564,2013,Nigeria,1035,1491
1565,2013,Oman,111,106
1566,2013,Pakistan,1146303,1313725
1567,2013,Palau,0,1
1568,2013,Panama,7903,10394
1569,2013,Papua New Guinea,4595,4788
1570,2013,Paraguay,59,78
1571,2013,Peru,631,1038
1572,2013,Philippines,49,212
1573,2013,Poland,955,999
1574,2013,Qatar,71,70
1575,2013,Rep. of Korea,416,2121
1576,2013,Rep. of Moldova,1285,1081
1577,2013,Rwanda,45472,35519
1578,2013,Saint Kitts and Nevis,0,2
1579,2013,Saint Lucia,0,4
1580,2013,Saudi Arabia,273,385
1581,2013,Senegal,8160,8568
1582,2013,Serbia and Kosovo (S/RES/1244 (1999)),147361,143300
1583,2013,Sierra Leone,1395,1460
1584,2013,Singapore,2,1
1585,2013,Sint Maarten (Dutch part),1,3
1586,2013,Slovenia,57,181
1587,2013,Solomon Islands,1,2
1588,2013,Somalia,6125,6245
1589,2013,South Sudan,117671,111955
1590,2013,Sri Lanka,1200,1467
1591,2013,Sudan,57210,55016
1592,2013,Swaziland,406,639
1593,2013,Switzerland,17267,25434
1594,2013,Syrian Arab Rep.,17376,16395
1595,2013,Tajikistan,58,71
1596,2013,Thailand,41877,41805
1597,2013,The former Yugoslav Republic of Macedonia,1069,1810
1598,2013,Timor-Leste,0,2
1599,2013,Togo,11608,9434
1600,2013,Tonga,1,2
1601,2013,Trinidad and Tobago,13,49
1602,2013,Tunisia,318,776
1603,2013,Turkey,16931,22206
1604,2013,Turkmenistan,25,20
1605,2013,Turks and Caicos Islands,2,8
1606,2013,Uganda,121779,122994
1607,2013,United Arab Emirates,349,331
1608,2013,United Rep. of Tanzania,135517,129245
1609,2013,Uruguay,92,153
1610,2013,Uzbekistan,61,80
1611,2013,Vanuatu,2,1
1612,2013,Venezuela (Bolivarian Republic of),2510,2903
1613,2013,Yemen,304836,344319
1614,2013,Zambia,23960,27045
1615,2013,Zimbabwe,3011,3475
1616,2014,Afghanistan,668696,655475
1617,2014,Albania,207,382
1618,2014,Algeria,1694,3303
1619,2014,Argentina,1567,2792
1620,2014,Armenia,1700,1648
1621,2014,Aruba,1,4
1622,2014,Azerbaijan,551,805
1623,2014,Bahamas,7,23
1624,2014,Bahrain,166,187
1625,2014,Bangladesh,17032,15453
1626,2014,Barbados,0,1
1627,2014,Belarus,502,682
1628,2014,Belize,56,68
1629,2014,Benin,234,249
1630,2014,Bolivia (Plurinational State of),320,457
1631,2014,Bosnia and Herzegovina,3421,3453
1632,2014,Botswana,1010,1837
1633,2014,Brazil,11436,36510
1634,2014,Burkina Faso,16523,15574
1635,2014,Burundi,67640,70452
1636,2014,Cambodia,23,81
1637,2014,Cameroon,135527,124005
1638,2014,Canada,11481,14177
1639,2014,Cayman Islands,2,6
1640,2014,Central African Rep.,4123,3980
1641,2014,Chad,246402,198796
1642,2014,China,202,422
1643,2014,"China, Hong Kong SAR",1045,1357
1644,2014,"China, Macao SAR",1,5
1645,2014,Colombia,103,284
1646,2014,Congo,27650,31455
1647,2014,Croatia,49,195
1648,2014,Cuba,33,258
1649,2014,Curaçao,38,40
1650,2014,Côte d'Ivoire,1255,1397
1651,2014,Dem. Rep. of the Congo,1894387,1722138
1652,2014,Djibouti,11435,12927
1653,2014,Dominican Rep.,684,670
1654,2014,Ecuador,31684,33716
1655,2014,Egypt,126836,134904
1656,2014,El Salvador,13,22
1657,2014,Eritrea,1372,1548
1658,2014,Estonia,36,149
1659,2014,Ethiopia,310675,311609
1660,2014,Fiji,11,13
1661,2014,Gabon,1191,1712
1662,2014,Gambia,5962,5647
1663,2014,Georgia,141917,123256
1664,2014,Germany,170366,284715
1665,2014,Ghana,10148,10940
1666,2014,Guinea,4563,4484
1667,2014,Guinea-Bissau,4715,4092
1668,2014,Guyana,7,5
1669,2014,Haiti,0,5
1670,2014,Honduras,16,26
1671,2014,India,14924,16015
1672,2014,Indonesia,2530,8656
1673,2014,Iran (Islamic Rep. of),14632,15313
1674,2014,Iraq,121505,157973
1675,2014,Ireland,2938,5056
1676,2014,Israel,6001,33725
1677,2014,Jamaica,9,13
1678,2014,Jordan,339678,333252
1679,2014,Kazakhstan,320,406
1680,2014,Kenya,287799,297564
1681,2014,Kyrgyzstan,295,394
1682,2014,Latvia,116,306
1683,2014,Lebanon,616261,550918
1684,2014,Lesotho,17,28
1685,2014,Liberia,20182,18460
1686,2014,Libya,14986,21882
1687,2014,Lithuania,1583,2302
1688,2014,Madagascar,8,12
1689,2014,Malawi,19152,21594
1690,2014,Malaysia,92244,208998
1691,2014,Mali,36964,36622
1692,2014,Malta,0,0
1693,2014,Mauritania,55392,44702
1694,2014,Mexico,1044,1546
1695,2014,Monaco,0,0
1696,2014,Mongolia,4,22
1697,2014,Montenegro,6523,6531
1698,2014,Morocco,2134,3962
1699,2014,Mozambique,14204,21518
1700,2014,Myanmar,0,0
1701,2014,Namibia,2174,3006
1702,2014,Nauru,0,0
1703,2014,Nepal,23046,24668
1704,2014,Netherlands,0,0
1705,2014,New Zealand,0,0
1706,2014,Nicaragua,329,344
1707,2014,Niger,52352,43520
1708,2014,Nigeria,1584,2605
1709,2014,Norway,0,0
1710,2014,Oman,406,358
1711,2014,Pakistan,2786846,3138714
1712,2014,Palau,0,1
1713,2014,Panama,15776,21574
1714,2014,Papua New Guinea,0,0
1715,2014,Paraguay,142,190
1716,2014,Peru,1268,2112
1717,2014,Philippines,1399,1727
1718,2014,Poland,1398,1354
1719,2014,Portugal,0,0
1720,2014,Qatar,226,216
1721,2014,Rep. of Korea,1476,7072
1722,2014,Rep. of Moldova,2718,2322
1723,2014,Romania,1380,2984
1724,2014,Russian Federation,0,0
1725,2014,Rwanda,89300,70746
1726,2014,Saint Kitts and Nevis,0,2
1727,2014,Saint Lucia,0,3
1728,2014,Saudi Arabia,545,769
1729,2014,Senegal,16752,17624
1730,2014,Serbia and Kosovo (S/RES/1244 (1999)),274802,268276
1731,2014,Sierra Leone,1460,1311
1732,2014,Singapore,1,3
1733,2014,Sint Maarten (Dutch part),3,10
1734,2014,Slovakia,0,0
1735,2014,Slovenia,186,474
1736,2014,Solomon Islands,1,2
1737,2014,Somalia,11950,12038
1738,2014,South Africa,0,0
1739,2014,South Sudan,252320,243996
1740,2014,Spain,0,0
1741,2014,Sri Lanka,1777,2142
1742,2014,Sudan,255800,245888
1743,2014,Suriname,0,2
1744,2014,Swaziland,656,928
1745,2014,Sweden,0,0
1746,2014,Switzerland,38326,56484
1747,2014,Syrian Arab Rep.,29617,27710
1748,2014,Tajikistan,393,359
1749,2014,Thailand,137670,139458
1750,2014,The former Yugoslav Republic of Macedonia,2145,4187
1751,2014,Timor-Leste,1,10
1752,2014,Togo,24758,20224
1753,2014,Trinidad and Tobago,82,258
1754,2014,Tunisia,811,1446
1755,2014,Turkey,114022,164373
1756,2014,Turkmenistan,32,32
1757,2014,Turks and Caicos Islands,2,12
1758,2014,Uganda,425467,416510
1759,2014,Ukraine,0,0
1760,2014,United Arab Emirates,648,618
1761,2014,United Kingdom,0,0
1762,2014,United Rep. of Tanzania,254200,250514
1763,2014,United States of America,0,0
1764,2014,Uruguay,236,420
1765,2014,Uzbekistan,101,148
1766,2014,Vanuatu,1,0
1767,2014,Venezuela (Bolivarian Republic of),5038,5918
1768,2014,Viet Nam,0,0
1769,2014,Yemen,632748,739686
1770,2014,Zambia,47566,52866
1771,2014,Zimbabwe,7266,9662
1772,2015,Afghanistan,1740560,1788184
1773,2015,Albania,8389,8357
1774,2015,Algeria,4628,8912
1775,2015,Angola,0,0
1776,2015,Anguilla,0,1
1777,2015,Antigua and Barbuda,0,30
1778,2015,Argentina,3038,5530
1779,2015,Armenia,3446,3321
1780,2015,Aruba,0,2
1781,2015,Australia,0,0
1782,2015,Austria,0,0
1783,2015,Azerbaijan,1112,1564
1784,2015,Bahamas,15,38
1785,2015,Bahrain,330,390
1786,2015,Bangladesh,33930,29975
1787,2015,Belarus,547,1026
1788,2015,Belgium,0,0
1789,2015,Belize,662,768
1790,2015,Benin,660,756
1791,2015,Bolivia (Plurinational State of),640,897
1792,2015,Bosnia and Herzegovina,6912,6846
1793,2015,Botswana,1628,2902
1794,2015,Brazil,13798,57782
1795,2015,Brunei Darussalam,0,0
1796,2015,Bulgaria,0,0
1797,2015,Burkina Faso,35128,33189
1798,2015,Burundi,88118,80674
1799,2015,Cabo Verde,0,0
1800,2015,Cambodia,168,434
1801,2015,Cameroon,350744,314266
1802,2015,Canada,16090,20896
1803,2015,Cayman Islands,2,1
1804,2015,Central African Rep.,7710,7618
1805,2015,Chad,419372,325504
1806,2015,Chile,2790,3036
1807,2015,China,574,1058
1808,2015,"China, Hong Kong SAR",2108,2790
1809,2015,"China, Macao SAR",1,12
1810,2015,Colombia,217,457
1811,2015,Congo,49154,55139
1812,2015,Costa Rica,0,0
1813,2015,Croatia,97,340
1814,2015,Cuba,98,539
1815,2015,Curaçao,80,76
1816,2015,Cyprus,0,0
1817,2015,Czech Rep.,0,0
1818,2015,Côte d'Ivoire,2476,2896
1819,2015,Dem. Rep. of the Congo,2787652,2610302
1820,2015,Denmark,0,0
1821,2015,Djibouti,20816,23196
1822,2015,Dominican Rep.,1380,1366
1823,2015,Ecuador,51140,63312
1824,2015,Egypt,243100,258238
1825,2015,El Salvador,5024,15272
1826,2015,Eritrea,2392,2720
1827,2015,Estonia,120,320
1828,2015,Ethiopia,697262,707458
1829,2015,Fiji,15,19
1830,2015,Finland,0,0
1831,2015,France,0,0
1832,2015,Gabon,2320,3405
1833,2015,Gambia,8086,7622
1834,2015,Georgia,290029,253471
1835,2015,Germany,527488,1024206
1836,2015,Ghana,18416,20102
1837,2015,Greece,0,0
1838,2015,Grenada,0,1
1839,2015,Guatemala,256,446
1840,2015,Guinea,9028,9046
1841,2015,Guinea-Bissau,0,0
1842,2015,Guyana,16,4
1843,2015,Haiti,938,1036
1844,2015,Honduras,181420,176850
1845,2015,Hungary,0,0
1846,2015,Iceland,0,0
1847,2015,India,32874,34242
1848,2015,Indonesia,6873,20210
1849,2015,Iran (Islamic Rep. of),28275,29397
1850,2015,Iraq,252614,317677
1851,2015,Ireland,7384,14344
1852,2015,Israel,0,0
1853,2015,Italy,0,0
1854,2015,Jamaica,10,24
1855,2015,Japan,0,0
1856,2015,Jordan,695924,682182
1857,2015,Kazakhstan,642,954
1858,2015,Kenya,579838,607924
1859,2015,Kuwait,1446,1738
1860,2015,Kyrgyzstan,11179,8080
1861,2015,Latvia,0,0
1862,2015,Lebanon,1123664,1052798
1863,2015,Lesotho,24,46
1864,2015,Liberia,38208,34834
1865,2015,Libya,30100,43468
1866,2015,Liechtenstein,0,0
1867,2015,Lithuania,392,570
1868,2015,Luxembourg,0,0
1869,2015,Madagascar,10,34
1870,2015,Malawi,21962,25016
1871,2015,Malaysia,95156,214006
1872,2015,Mali,19736,19778
1873,2015,Malta,0,0
1874,2015,Mauritania,57206,46576
1875,2015,Mexico,0,0
1876,2015,Micronesia (Federated States of),0,28
1877,2015,Monaco,0,0
1878,2015,Mongolia,4,22
1879,2015,Montenegro,12569,12640
1880,2015,Morocco,4272,6674
1881,2015,Mozambique,15308,25584
1882,2015,Myanmar,224448,207731
1883,2015,Namibia,2428,3362
1884,2015,Nauru,0,0
1885,2015,Nepal,32579,33556
1886,2015,Netherlands,0,0
1887,2015,New Zealand,0,0
1888,2015,Nicaragua,420,500
1889,2015,Niger,61656,51356
1890,2015,Nigeria,1406,2155
1891,2015,Norway,0,0
1892,2015,Oman,460,410
1893,2015,Pakistan,3150494,3630206
1894,2015,Panama,17044,23472
1895,2015,Papua New Guinea,0,0
1896,2015,Paraguay,152,266
1897,2015,Peru,0,0
1898,2015,Philippines,7382,7436
1899,2015,Poland,1672,1860
1900,2015,Portugal,0,0
1901,2015,Qatar,240,236
1902,2015,Rep. of Korea,2446,11340
1903,2015,Rep. of Moldova,2776,2392
1904,2015,Romania,1684,3992
1905,2015,Russian Federation,0,0
1906,2015,Rwanda,161062,141282
1907,2015,Saint Lucia,0,2
1908,2015,Samoa,1,2
1909,2015,Saudi Arabia,144,170
1910,2015,Senegal,16994,18028
1911,2015,Serbia and Kosovo (S/RES/1244 (1999)),253906,246265
1912,2015,Sierra Leone,807,746
1913,2015,Singapore,1,0
1914,2015,Sint Maarten (Dutch part),3,16
1915,2015,Slovakia,1746,3456
1916,2015,Slovenia,200,598
1917,2015,Solomon Islands,1,2
1918,2015,Somalia,1174099,1139654
1919,2015,South Africa,0,0
1920,2015,South Sudan,269714,257996
1921,2015,Spain,0,0
1922,2015,Sri Lanka,1725,2082
1923,2015,Sudan,237987,219318
1924,2015,Suriname,0,10
1925,2015,Swaziland,780,1168
1926,2015,Sweden,0,0
1927,2015,Switzerland,31207,60549
1928,2015,Syrian Arab Rep.,30849,28986
1929,2015,Tajikistan,12,24
1930,2015,Thailand,116732,117208
1931,2015,The former Yugoslav Republic of Macedonia,1386,1361
1932,2015,Timor-Leste,1,10
1933,2015,Togo,25222,20188
1934,2015,Trinidad and Tobago,106,296
1935,2015,Tunisia,563,923
1936,2015,Turkey,193824,305994
1937,2015,Turkmenistan,7857,6435
1938,2015,Turks and Caicos Islands,1,3
1939,2015,Uganda,697154,688778
1940,2015,Ukraine,0,0
1941,2015,United Arab Emirates,1096,1069
1942,2015,United Kingdom,0,0
1943,2015,United Rep. of Tanzania,390118,375122
1944,2015,United States of America,0,0
1945,2015,Uruguay,286,474
1946,2015,Uzbekistan,86,125
1947,2015,Vanuatu,1,0
1948,2015,Venezuela (Bolivarian Republic of),6369,7441
1949,2015,Viet Nam,0,0
1950,2015,Yemen,2956392,2661784
1951,2015,Zambia,49334,55024
1952,2015,Zimbabwe,9838,11348
1953,2016,Afghanistan,1149542,1194706
1954,2016,Albania,3881,3924
1955,2016,Algeria,2196,3743
1956,2016,Anguilla,0,0
1957,2016,Antigua and Barbuda,0,0
1958,2016,Argentina,2182,5283
1959,2016,Armenia,1737,1656
1960,2016,Aruba,0,0
1961,2016,Azerbaijan,533,748
1962,2016,Bahamas,7,24
1963,2016,Bahrain,178,204
1964,2016,Bangladesh,17595,15605
1965,2016,Barbados,0,0
1966,2016,Belarus,168,344
1967,2016,Benin,478,557
1968,2016,Bosnia and Herzegovina,3070,2303
1969,2016,Botswana,1074,1758
1970,2016,Brazil,8933,30599
1971,2016,Burkina Faso,16727,15946
1972,2016,Burundi,32213,30498
1973,2016,Cambodia,69,174
1974,2016,Cameroon,309614,286111
1975,2016,Canada,8984,14947
1976,2016,Cayman Islands,6,12
1977,2016,Central African Rep.,6373,6046
1978,2016,Chad,308913,245334
1979,2016,Chile,862,1109
1980,2016,China,262,532
1981,2016,"China, Hong Kong SAR",45,66
1982,2016,"China, Macao SAR",0,0
1983,2016,Colombia,188,346
1984,2016,Congo,35944,35649
1985,2016,Costa Rica,67,65
1986,2016,Croatia,192,626
1987,2016,Cuba,58,267
1988,2016,Curaçao,55,56
1989,2016,Côte d'Ivoire,843,958
1990,2016,Dem. Rep. of the Congo,1728606,1590365
1991,2016,Djibouti,12657,13205
1992,2016,Dominican Rep.,686,702
1993,2016,Ecuador,28636,31888
1994,2016,Egypt,127052,136372
1995,2016,El Salvador,19,27
1996,2016,Eritrea,1108,1258
1997,2016,Ethiopia,362399,319212
1998,2016,Fiji,6,6
1999,2016,Gabon,1131,1661
2000,2016,Gambia,4080,3860
2001,2016,Georgia,147505,129275
2002,2016,Germany,421974,846871
2003,2016,Ghana,6306,6930
2004,2016,Grenada,0,0
2005,2016,Guatemala,144,158
2006,2016,Guinea,2580,2596
2007,2016,Guinea-Bissau,4697,4019
2008,2016,Guyana,7,0
2009,2016,Haiti,1119,1190
2010,2016,Honduras,89315,84711
2011,2016,India,16178,17635
2012,2016,Indonesia,3816,10579
2013,2016,Iran (Islamic Rep. of),14161,14719
2014,2016,Iraq,128309,148192
2015,2016,Ireland,3576,6166
2016,2016,Jamaica,6,18
2017,2016,Jordan,362731,358081
2018,2016,Kazakhstan,339,432
2019,2016,Kenya,244109,250753
2020,2016,Kuwait,780,849
2021,2016,Kyrgyzstan,211,248
2022,2016,Lebanon,538850,492453
2023,2016,Lesotho,16,32
2024,2016,Liberia,9607,9400
2025,2016,Libya,15986,22561
2026,2016,Madagascar,16,39
2027,2016,Malawi,14418,15997
2028,2016,Malaysia,48263,100311
2029,2016,Mali,13444,13097
2030,2016,Mauritania,25997,22738
2031,2016,Mauritius,0,0
2032,2016,Micronesia (Federated States of),0,0
2033,2016,Mongolia,6,7
2034,2016,Montenegro,423,598
2035,2016,Morocco,2555,4178
2036,2016,Mozambique,7258,10389
2037,2016,Myanmar,113526,106031
2038,2016,Namibia,1475,2011
2039,2016,Nepal,13434,12736
2040,2016,Nicaragua,301,366
2041,2016,Niger,152714,149513
2042,2016,Nigeria,686,1147
2043,2016,Oman,349,334
2044,2016,Pakistan,1173026,1337716
2045,2016,Palau,0,0
2046,2016,Panama,9259,12564
2047,2016,Philippines,2633,2665
2048,2016,Poland,957,989
2049,2016,Qatar,160,159
2050,2016,Rep. of Korea,1766,6872
2051,2016,Rep. of Moldova,175,342
2052,2016,Romania,968,1937
2053,2016,Rwanda,84947,78616
2054,2016,Saint Lucia,0,0
2055,2016,Samoa,0,0
2056,2016,Saudi Arabia,86,104
2057,2016,Senegal,8604,9199
2058,2016,Serbia and Kosovo (S/RES/1244 (1999)),121678,120458
2059,2016,Seychelles,0,0
2060,2016,Sierra Leone,355,335
2061,2016,Singapore,0,0
2062,2016,Sint Maarten (Dutch part),0,7
2063,2016,Slovakia,870,1726
2064,2016,Slovenia,218,566
2065,2016,Somalia,757549,865629
2066,2016,South Sudan,137630,126722
2067,2016,Sri Lanka,950,1126
2068,2016,Sudan,123378,114553
2069,2016,Suriname,17,31
2070,2016,Swaziland,423,697
2071,2016,Switzerland,25309,42368
2072,2016,Syrian Arab Rep.,16628,15674
2073,2016,Tajikistan,10423,5820
2074,2016,Thailand,55790,55928
2075,2016,The former Yugoslav Republic of Macedonia,595,635
2076,2016,Timor-Leste,0,0
2077,2016,Togo,7217,6062
2078,2016,Trinidad and Tobago,98,228
2079,2016,Tunisia,250,407
2080,2016,Turkey,113728,177644
2081,2016,Turkmenistan,14,13
2082,2016,Turks and Caicos Islands,0,0
2083,2016,Uganda,488587,467578
2084,2016,United Arab Emirates,750,757
2085,2016,United Rep. of Tanzania,228890,229932
2086,2016,Uruguay,235,448
2087,2016,Uzbekistan,10,17
2088,2016,Venezuela (Bolivarian Republic of),4195,5424
2089,2016,Yemen,1643680,1634329
2090,2016,Zambia,26826,30381
2091,2016,Zimbabwe,4024,4478
